timestamp,source,total_mcap,btc_d,usdt_d,eth_d,total2,total3
1790811668,coingecko,2877170173360.344,58.28331118330566,6.377072835095881,11.385937344869898,1200260127947.4792,872667334703.386
1790811674,coingecko,2877170173360.344,58.28331118330566,6.377072835095881,11.385937344869898,1200260127947.4792,872667334703.386
1790812542,coingecko,2873053992681.828,58.27199998908886,6.3806934315904105,11.389511837101152,1198867970379.756,871641145796.9519
1790812767,coingecko,2873887146535.5693,58.28527756649938,6.381743201609476,11.378770154308864,1198834046229.364,871821033330.8558
1790812875,coingecko,2873887146535.5693,58.28527756649938,6.381743201609476,11.378770154308864,1198834046229.364,871821033330.8558
1790812987,coingecko,2873887146535.5693,58.28527756649938,6.381743201609476,11.378770154308864,1198834046229.364,871821033330.8558
1790817744,coingecko,2875615786503.871,58.25793032048304,6.3771334103836965,11.388552285508515,1200341545317.6355,872850537941.3054
1790817765,coingecko,2875615786503.871,58.25793032048304,6.3771334103836965,11.388552285508515,1200341545317.6355,872850537941.3054
1790817775,coingecko,2875615786503.871,58.25793032048304,6.3771334103836965,11.388552285508515,1200341545317.6355,872850537941.3054
1790817794,coingecko,2875615786503.871,58.25793032048304,6.3771334103836965,11.388552285508515,1200341545317.6355,872850537941.3054
1790817906,coingecko,2875615786503.871,58.25793032048304,6.3771334103836965,11.388552285508515,1200341545317.6355,872850537941.3054
1790818536,coingecko,2878753552916.846,58.25255427886668,6.371911026250293,11.392674087600144,1201806076949.1572,873839066880.1311
1790818538,coingecko,2878753552916.846,58.25255427886668,6.371911026250293,11.392674087600144,1201806076949.1572,873839066880.1311
1790818909,coingecko,2870678438644.709,58.252371722201744,6.384005655769857,11.396559524159084,1198440163616.296,871281586608.9513
1790818911,coingecko,2870678438644.709,58.252371722201744,6.384005655769857,11.396559524159084,1198440163616.296,871281586608.9513
1790819421,coingecko,2871149965861.4497,58.261488126323776,6.381505805993802,11.398474416554446,1198375269412.1318,871107975092.5028
1790819879,coingecko,2871149965861.4497,58.261488126323776,6.381505805993802,11.398474416554446,1198375269412.1318,871107975092.5028
1790819936,coingecko,2871149965861.4497,58.261488126323776,6.381505805993802,11.398474416554446,1198375269412.1318,871107975092.5028
1790819963,coingecko,2872920634450.78,58.25877700860567,6.382561018411854,11.404218738346255,1199192208391.8809,871558055060.0289
1790819992,coingecko,2872920634450.78,58.25877700860567,6.382561018411854,11.404218738346255,1199192208391.8809,871558055060.0289
1790820044,coingecko,2872920634450.78,58.25877700860567,6.382561018411854,11.404218738346255,1199192208391.8809,871558055060.0289
1790831072,coingecko,2883859860319.811,58.290669272514194,6.348428980005684,11.411206575247755,1202838646858.0002,873755440856.2551
1790831075,coingecko,2883859860319.811,58.290669272514194,6.348428980005684,11.411206575247755,1202838646858.0002,873755440856.2551
1790831078,coingecko,2883859860319.811,58.290669272514194,6.348428980005684,11.411206575247755,1202838646858.0002,873755440856.2551
1790833713,coingecko,2897377692209.7026,58.32099435295007,6.3314597680981,11.419677073577498,1207598211952.4468,876727035900.2266
1790838726,coingecko,2894219316044.496,58.27512992215673,6.339937843401701,11.434979460018685,1207609249387.41,876655865069.8285
1790839544,coingecko,2884781902588.5776,58.27666395802164,6.349835459816432,11.431163877464382,1203627247295.209,873863100502.8738
1790839702,coingecko,2884781902588.5776,58.27666395802164,6.349835459816432,11.431163877464382,1203627247295.209,873863100502.8738
1790839768,coingecko,2884781902588.5776,58.27666395802164,6.349835459816432,11.431163877464382,1203627247295.209,873863100502.8738
1790840368,coingecko,2858166699011.9556,58.27536837359195,6.3955395582453125,11.399756781347802,1192559526431.4053,866735474338.5653
